{
   "temperature":     298.150000000000,
   "unit": "hartree",
   "energy":     -24.012738772023,
   "free energy":     -23.952700259180,
   "G(T)":       0.060038512843,
   "ZPVE":       0.091436104868,
   "number of imags":0,
   "point group": "cs",
   "gradient norm":       0.000032119004
}
