{
   "temperature":     298.150000000000,
   "unit": "hartree",
   "energy":     -24.013404756564,
   "free energy":     -23.953289662503,
   "G(T)":       0.060115094061,
   "ZPVE":       0.091449502512,
   "number of imags":0,
   "point group": "cs",
   "gradient norm":       0.000024583060
}
