{
    "partname": "prescreening",
    "runtime": 12.056454506702721,
    "results": {
        "CONF2": {
            "xtb_gsolv": {
                "gsolv": -0.008368045037997263,
                "energy_xtb_gas": -24.002556840688,
                "energy_xtb_solv": -24.010924885726
            },
            "sp": {
                "energy": -766.083698816231
            },
            "gtot": -766.092066861269,
            "bmw": 0.2217155302613797
        },
        "CONF1": {
            "xtb_gsolv": {
                "gsolv": -0.004506867712997575,
                "energy_xtb_gas": -24.007084051153,
                "energy_xtb_solv": -24.011590918866
            },
            "sp": {
                "energy": -766.088745602249
            },
            "gtot": -766.093252469962,
            "bmw": 0.7782844697386203
        }
    },
    "settings": {
        "threshold": 4.0,
        "func": "pbe-d4",
        "basis": "def2-sv(p)",
        "prog": "orca",
        "gfnv": "gfn2",
        "run": true,
        "template": false
    },
    "nconf_in": 2,
    "nconf_out": 2
}