{
    "partname": "screening",
    "runtime": 55.40015911497176,
    "results": {
        "CONF1": {
            "gsolv": {
                "gsolv": -0.004594303827957447,
                "energy_gas": -766.983678574612,
                "energy_solv": -766.98827287844
            },
            "gtot": -766.98827287844,
            "bmw": 0.3913437338420226
        },
        "CONF2": {
            "gsolv": {
                "gsolv": -0.010314825511045456,
                "energy_gas": -766.978375068126,
                "energy_solv": -766.988689893637
            },
            "gtot": -766.988689893637,
            "bmw": 0.6086562661579774
        }
    },
    "settings": {
        "threshold": 3.5,
        "func": "r2scan-3c",
        "basis": "def2-tzvp",
        "prog": "orca",
        "sm": "smd",
        "gfnv": "gfn2",
        "run": true,
        "implicit": false,
        "template": false
    },
    "nconf_in": 2,
    "nconf_out": 2
}