{
    "partname": "refinement",
    "runtime": 295.304899295792,
    "results": {
        "CONF2": {
            "gsolv": {
                "gsolv": -0.010695534724959543,
                "energy_gas": -767.030279271372,
                "energy_solv": -767.040974806097
            },
            "gtot": -767.040974806097,
            "bmw": 0.6356437568870662
        },
        "CONF1": {
            "gsolv": {
                "gsolv": -0.005030238295034906,
                "energy_gas": -767.035419123671,
                "energy_solv": -767.040449361966
            },
            "gtot": -767.040449361966,
            "bmw": 0.3643562431129338
        }
    },
    "settings": {
        "threshold": 0.95,
        "func": "wb97x-v",
        "basis": "def2-tzvp",
        "prog": "orca",
        "sm": "smd",
        "gfnv": "gfn2",
        "run": true,
        "implicit": false,
        "template": false
    },
    "nconf_in": 2,
    "nconf_out": 2
}